timestamp_iso,elapsed_s,x_g,y_g,z_g
2026-08-29T21:30:17.754527,0.000000,0.007198,-0.007198,0.991372
2026-08-29T21:30:17.754637,0.000110,0.005124,-0.007686,0.990396
2026-08-29T21:30:18.048163,0.293636,0.004880,-0.007808,0.990762
2026-08-29T21:30:18.048397,0.293870,0.006100,-0.007442,0.990884
2026-08-29T21:30:18.048509,0.293982,0.007320,-0.006954,0.990884
2026-08-29T21:30:18.048616,0.294089,0.008174,-0.007442,0.991128
2026-08-29T21:30:18.048721,0.294194,0.008540,-0.006954,0.990274
2026-08-29T21:30:18.048822,0.294295,0.006344,-0.007930,0.990762
2026-08-29T21:30:18.048928,0.294401,0.005246,-0.008540,0.990762
2026-08-29T21:30:18.049025,0.294498,0.005124,-0.007930,0.990396
2026-08-29T21:30:18.049127,0.294600,0.005978,-0.006954,0.990274
2026-08-29T21:30:18.049226,0.294699,0.007808,-0.005856,0.990396
2026-08-29T21:30:18.049328,0.294801,0.008052,-0.005856,0.990518
2026-08-29T21:30:18.049425,0.294898,0.008052,-0.006832,0.990884
2026-08-29T21:30:18.049458,0.294931,0.005978,-0.007686,0.990762
2026-08-29T21:30:18.052588,0.298061,0.005490,-0.008784,0.990884
2026-08-29T21:30:18.084388,0.329861,0.004880,-0.008296,0.991372
2026-08-29T21:30:18.084488,0.329961,0.005856,-0.008174,0.991128
2026-08-29T21:30:18.114387,0.359860,0.006954,-0.006466,0.990884
2026-08-29T21:30:18.143146,0.388619,0.007442,-0.005368,0.990762
2026-08-29T21:30:18.144345,0.389818,0.007442,-0.006344,0.990396
2026-08-29T21:30:18.172320,0.417793,0.006466,-0.007320,0.991372
2026-08-29T21:30:18.204591,0.450064,0.005490,-0.007808,0.991128
2026-08-29T21:30:18.205226,0.450699,0.005246,-0.008296,0.990518
2026-08-29T21:30:18.233275,0.478748,0.006100,-0.008052,0.990396
2026-08-29T21:30:18.264870,0.510343,0.007320,-0.006832,0.990518
2026-08-29T21:30:18.294563,0.540036,0.008052,-0.006588,0.990518
2026-08-29T21:30:18.296511,0.541984,0.007320,-0.006222,0.990640
2026-08-29T21:30:18.324573,0.570046,0.005978,-0.007564,0.990884
2026-08-29T21:30:18.352919,0.598392,0.005124,-0.008296,0.990518
2026-08-29T21:30:18.384815,0.630288,0.005124,-0.007442,0.990884
2026-08-29T21:30:18.385114,0.630587,0.007442,-0.006710,0.990884
2026-08-29T21:30:18.415280,0.660753,0.008418,-0.006466,0.990030
2026-08-29T21:30:18.445091,0.690564,0.008174,-0.007198,0.990518
2026-08-29T21:30:18.445229,0.690702,0.007076,-0.007320,0.990640
2026-08-29T21:30:18.473335,0.718808,0.006100,-0.008296,0.990884
2026-08-29T21:30:18.504980,0.750453,0.004026,-0.008296,0.991006
2026-08-29T21:30:18.505160,0.750633,0.005368,-0.007564,0.990884
2026-08-29T21:30:18.534301,0.779774,0.006344,-0.006832,0.990396
2026-08-29T21:30:18.565988,0.811461,0.007076,-0.006222,0.990152
2026-08-29T21:30:18.566267,0.811740,0.007930,-0.006466,0.991128
2026-08-29T21:30:18.593370,0.838843,0.006954,-0.006832,0.991006
2026-08-29T21:30:18.624455,0.869928,0.005734,-0.008174,0.991372
2026-08-29T21:30:18.655075,0.900548,0.005734,-0.008662,0.990762
2026-08-29T21:30:18.655277,0.900750,0.005612,-0.008662,0.990518
2026-08-29T21:30:18.684482,0.929955,0.007198,-0.006954,0.990152
2026-08-29T21:30:18.684750,0.930223,0.006832,-0.006100,0.990274
2026-08-29T21:30:18.715393,0.960866,0.007808,-0.006100,0.990762
2026-08-29T21:30:18.744022,0.989495,0.007320,-0.006710,0.990396
2026-08-29T21:30:18.775299,1.020772,0.006222,-0.007076,0.990884
2026-08-29T21:30:18.775620,1.021093,0.006466,-0.007930,0.991250
2026-08-29T21:30:18.802920,1.048393,0.005612,-0.008052,0.990640
2026-08-29T21:30:18.834862,1.080335,0.006222,-0.007076,0.990396
2026-08-29T21:30:18.835168,1.080641,0.007076,-0.007564,0.990762
2026-08-29T21:30:18.865679,1.111152,0.007808,-0.006832,0.990640
2026-08-29T21:30:18.865885,1.111358,0.007564,-0.007564,0.990518
2026-08-29T21:30:18.893725,1.139198,0.006222,-0.007076,0.990762
2026-08-29T21:30:18.925031,1.170504,0.005612,-0.007442,0.990518
2026-08-29T21:30:18.925490,1.170963,0.005368,-0.007442,0.990274
2026-08-29T21:30:18.953080,1.198553,0.005734,-0.007198,0.990518
2026-08-29T21:30:18.984279,1.229752,0.006954,-0.006222,0.990152
2026-08-29T21:30:18.984487,1.229960,0.007442,-0.006466,0.990884
2026-08-29T21:30:19.015053,1.260526,0.007564,-0.006588,0.990762
2026-08-29T21:30:19.046339,1.291812,0.007198,-0.007320,0.991128
2026-08-29T21:30:19.046549,1.292022,0.005490,-0.007442,0.990518
2026-08-29T21:30:19.076033,1.321506,0.005124,-0.008296,0.991738
2026-08-29T21:30:19.106202,1.351675,0.005246,-0.007320,0.990274
2026-08-29T21:30:19.136732,1.382205,0.006222,-0.006344,0.990640
2026-08-29T21:30:19.136908,1.382381,0.007198,-0.005978,0.990762
2026-08-29T21:30:19.165802,1.411275,0.007686,-0.006344,0.990152
2026-08-29T21:30:19.196757,1.442230,0.006832,-0.006710,0.990396
2026-08-29T21:30:19.197152,1.442625,0.006344,-0.007808,0.990396
2026-08-29T21:30:19.227099,1.472572,0.006100,-0.008418,0.990762
2026-08-29T21:30:19.227354,1.472827,0.005368,-0.007808,0.991250
2026-08-29T21:30:19.256537,1.502010,0.006100,-0.006466,0.990152
2026-08-29T21:30:19.285395,1.530868,0.006954,-0.006710,0.990640
2026-08-29T21:30:19.285612,1.531085,0.007320,-0.005490,0.990762
2026-08-29T21:30:19.314899,1.560372,0.007320,-0.006832,0.990640
2026-08-29T21:30:19.346903,1.592376,0.006344,-0.007198,0.991128
2026-08-29T21:30:19.347318,1.592791,0.005978,-0.007808,0.990152
2026-08-29T21:30:19.376051,1.621524,0.006222,-0.008174,0.990762
2026-08-29T21:30:19.405586,1.651059,0.006344,-0.008052,0.990396
2026-08-29T21:30:19.405676,1.651149,0.007320,-0.006710,0.990152
2026-08-29T21:30:19.435224,1.680697,0.007930,-0.006222,0.990640
2026-08-29T21:30:19.465383,1.710856,0.006710,-0.006588,0.990640
2026-08-29T21:30:19.494452,1.739925,0.006466,-0.007198,0.991006
2026-08-29T21:30:19.494573,1.740046,0.005612,-0.007442,0.991128
2026-08-29T21:30:19.523505,1.768978,0.005612,-0.007198,0.990396
2026-08-29T21:30:19.554299,1.799772,0.005978,-0.007564,0.990030
2026-08-29T21:30:19.554475,1.799948,0.006954,-0.007320,0.990762
2026-08-29T21:30:19.584496,1.829969,0.007442,-0.006222,0.990518
2026-08-29T21:30:19.614314,1.859787,0.007076,-0.007198,0.990762
2026-08-29T21:30:19.614395,1.859868,0.006588,-0.007686,0.990762
2026-08-29T21:30:19.642240,1.887713,0.005612,-0.007808,0.991250
2026-08-29T21:30:19.673608,1.919081,0.006100,-0.008052,0.990518
2026-08-29T21:30:19.673669,1.919142,0.006100,-0.007076,0.990884
2026-08-29T21:30:19.702263,1.947736,0.006466,-0.006588,0.990518
2026-08-29T21:30:19.733057,1.978530,0.007564,-0.006466,0.991494
2026-08-29T21:30:19.763553,2.009026,0.006832,-0.006466,0.991128
2026-08-29T21:30:19.765785,2.011258,0.005978,-0.007076,0.990640
2026-08-29T21:30:19.795086,2.040559,0.005612,-0.008540,0.991128
2026-08-29T21:30:19.824154,2.069627,0.006100,-0.008052,0.990152
2026-08-29T21:30:19.824209,2.069682,0.005978,-0.007686,0.991128
2026-08-29T21:30:19.852943,2.098416,0.006588,-0.006832,0.990152
2026-08-29T21:30:19.883898,2.129371,0.007442,-0.005856,0.991006
2026-08-29T21:30:19.884982,2.130455,0.006710,-0.006100,0.990518
2026-08-29T21:30:19.913068,2.158541,0.005856,-0.007076,0.990518
2026-08-29T21:30:19.944445,2.189918,0.005978,-0.006832,0.991372
2026-08-29T21:30:19.944578,2.190051,0.006222,-0.007930,0.990518
2026-08-29T21:30:19.973352,2.218825,0.006466,-0.007808,0.991128
2026-08-29T21:30:20.004657,2.250130,0.007442,-0.006954,0.990396
2026-08-29T21:30:20.005463,2.250936,0.007686,-0.006344,0.991006
2026-08-29T21:30:20.035637,2.281110,0.008052,-0.006832,0.990762
2026-08-29T21:30:20.064765,2.310238,0.006954,-0.007076,0.991128
2026-08-29T21:30:20.064976,2.310449,0.006466,-0.007686,0.989664
2026-08-29T21:30:20.093294,2.338767,0.005734,-0.007076,0.991128
2026-08-29T21:30:20.124578,2.370051,0.006100,-0.007198,0.990518
2026-08-29T21:30:20.154212,2.399685,0.006832,-0.006710,0.990640
2026-08-29T21:30:20.154519,2.399992,0.007930,-0.006588,0.989908
2026-08-29T21:30:20.184765,2.430238,0.007076,-0.007076,0.991128
2026-08-29T21:30:20.185037,2.430510,0.005978,-0.007076,0.990762
2026-08-29T21:30:20.215135,2.460608,0.005734,-0.007808,0.990762
2026-08-29T21:30:20.244665,2.490138,0.006344,-0.007076,0.990518
2026-08-29T21:30:20.246133,2.491606,0.005734,-0.007320,0.991128
2026-08-29T21:30:20.275607,2.521080,0.007076,-0.006954,0.991006
2026-08-29T21:30:20.304219,2.549692,0.006832,-0.006588,0.990518
2026-08-29T21:30:20.335105,2.580578,0.007198,-0.006954,0.990640
2026-08-29T21:30:20.335319,2.580792,0.006588,-0.007564,0.990762
2026-08-29T21:30:20.363464,2.608937,0.006466,-0.007564,0.990274
2026-08-29T21:30:20.364737,2.610210,0.006222,-0.007198,0.990518
2026-08-29T21:30:20.393633,2.639106,0.005856,-0.007930,0.991006
2026-08-29T21:30:20.424346,2.669819,0.006466,-0.007198,0.990518
2026-08-29T21:30:20.456904,2.702377,0.007564,-0.006344,0.990152
2026-08-29T21:30:20.457214,2.702687,0.006832,-0.006466,0.990640
2026-08-29T21:30:20.486841,2.732314,0.006710,-0.007442,0.990762
2026-08-29T21:30:20.516527,2.762000,0.006710,-0.006832,0.990396
2026-08-29T21:30:20.516678,2.762151,-0.011102,0.000854,0.986980
2026-08-29T21:30:20.546781,2.792254,-0.102236,-0.034648,1.064328
2026-08-29T21:30:20.574020,2.819493,0.129686,-0.042456,0.825086
2026-08-29T21:30:20.574079,2.819552,0.038186,0.046360,1.057862
2026-08-29T21:30:20.603232,2.848705,0.088572,-0.009882,0.964532
2026-08-29T21:30:20.633523,2.878996,-0.017324,-0.014762,0.965508
2026-08-29T21:30:20.663898,2.909371,-0.042090,-0.027084,1.013820
2026-08-29T21:30:20.663969,2.909442,-0.057462,-0.011834,0.984662
2026-08-29T21:30:20.693789,2.939262,-0.047702,-0.008906,0.994544
2026-08-29T21:30:20.693898,2.939371,0.018666,-0.018666,0.992470
2026-08-29T21:30:20.723196,2.968669,0.048312,0.015982,0.971364
2026-08-29T21:30:20.753130,2.998603,0.065880,0.010004,0.998814
2026-08-29T21:30:20.784453,3.029926,0.039040,-0.010614,0.988322
2026-08-29T21:30:20.784574,3.030047,-0.021228,-0.017934,0.989298
2026-08-29T21:30:20.813204,3.058677,-0.049654,-0.021594,0.991372
2026-08-29T21:30:20.815098,3.060571,-0.044652,-0.022814,0.994300
2026-08-29T21:30:20.845369,3.090842,0.001586,-0.018544,0.982954
2026-08-29T21:30:20.874263,3.119736,0.038064,0.002806,0.997960
2026-08-29T21:30:20.904843,3.150316,0.057828,0.010370,0.985638
2026-08-29T21:30:20.905009,3.150482,0.040992,-0.002074,0.994666
2026-08-29T21:30:20.933204,3.178677,-0.003660,-0.002074,0.991738
2026-08-29T21:30:20.964371,3.209844,-0.031842,-0.010248,0.990152
2026-08-29T21:30:20.964500,3.209973,-0.039650,-0.021472,0.995764
2026-08-29T21:30:20.992911,3.238384,-0.023424,-0.021228,0.988444
2026-08-29T21:30:21.024218,3.269691,0.031232,-0.003660,0.994178
2026-08-29T21:30:21.054538,3.300011,0.054412,-0.000488,0.984418
2026-08-29T21:30:21.054731,3.300204,0.055022,-0.003782,0.990152
2026-08-29T21:30:21.084656,3.330129,0.017202,-0.000976,0.992226
2026-08-29T21:30:21.084883,3.330356,-0.019764,-0.006710,0.990762
2026-08-29T21:30:21.112812,3.358285,-0.034770,-0.017080,0.997838
2026-08-29T21:30:21.144964,3.390437,-0.029524,-0.013176,0.993568
2026-08-29T21:30:21.145100,3.390573,-0.003660,-0.002074,0.993446
2026-08-29T21:30:21.173079,3.418552,0.043066,-0.001952,0.987590
2026-08-29T21:30:21.204870,3.450343,0.050264,-0.003416,0.990518
2026-08-29T21:30:21.205037,3.450510,0.029036,-0.003660,0.987956
2026-08-29T21:30:21.232911,3.478384,0.001098,-0.013664,0.992836
2026-08-29T21:30:21.263862,3.509335,-0.023058,-0.020740,0.991860
2026-08-29T21:30:21.293847,3.539320,-0.029768,-0.015372,0.989542
2026-08-29T21:30:21.293974,3.539447,-0.012078,-0.007198,0.992714
2026-08-29T21:30:21.324069,3.569542,0.017812,0.000488,0.989054
2026-08-29T21:30:21.354443,3.599916,0.043554,0.005124,0.989420
2026-08-29T21:30:21.354958,3.600431,0.031476,0.002074,0.989908
2026-08-29T21:30:21.385928,3.631401,0.009394,-0.011834,0.991128
2026-08-29T21:30:21.416123,3.661596,-0.014396,-0.019764,0.992104
2026-08-29T21:30:21.416288,3.661761,-0.025010,-0.018056,0.991250
2026-08-29T21:30:21.446146,3.691619,-0.012932,-0.014396,0.991494
2026-08-29T21:30:21.474540,3.720013,0.009638,-0.003416,0.990030
2026-08-29T21:30:21.504811,3.750284,0.036966,0.003538,0.988810
2026-08-29T21:30:21.504980,3.750453,0.032696,0.003416,0.991738
2026-08-29T21:30:21.534633,3.780106,0.016470,-0.005002,0.989542
2026-08-29T21:30:21.534812,3.780285,-0.005490,-0.009638,0.992592
2026-08-29T21:30:21.562981,3.808454,-0.021594,-0.015006,0.991494
2026-08-29T21:30:21.594511,3.839984,-0.007198,-0.015860,0.990030
2026-08-29T21:30:21.624141,3.869614,0.011590,-0.007808,0.990518
2026-08-29T21:30:21.624304,3.869777,0.031598,-0.003904,0.988444
2026-08-29T21:30:21.654468,3.899941,0.034648,-0.003538,0.990274
2026-08-29T21:30:21.654670,3.900143,0.021472,-0.005734,0.989054
2026-08-29T21:30:21.683370,3.928843,0.001952,-0.007320,0.992470
2026-08-29T21:30:21.714231,3.959704,-0.019398,-0.008052,0.991860
2026-08-29T21:30:21.743163,3.988636,-0.016470,-0.008906,0.991372
2026-08-29T21:30:21.749736,3.995209,0.005368,-0.002318,0.990518
2026-08-29T21:30:21.773540,4.019013,0.024034,-0.002074,0.989664
2026-08-29T21:30:21.804905,4.050378,0.032452,-0.006588,0.990030
2026-08-29T21:30:21.805103,4.050576,0.016592,-0.012932,0.990274
2026-08-29T21:30:21.833702,4.079175,-0.001342,-0.015860,0.992470
2026-08-29T21:30:21.864521,4.109994,-0.008540,-0.015616,0.991372
2026-08-29T21:30:21.864666,4.110139,-0.014274,-0.012322,0.991250
2026-08-29T21:30:21.893087,4.138560,0.002074,-0.000610,0.990762
2026-08-29T21:30:21.924285,4.169758,0.018300,0.003294,0.990274
2026-08-29T21:30:21.954781,4.200254,0.028304,0.000488,0.990640
2026-08-29T21:30:21.954973,4.200446,0.024278,-0.003172,0.990274
2026-08-29T21:30:21.984799,4.230272,0.010858,-0.010614,0.990884
2026-08-29T21:30:21.984941,4.230414,-0.002928,-0.016714,0.990152
2026-08-29T21:30:22.012882,4.258355,-0.012444,-0.015250,0.991860
2026-08-29T21:30:22.044975,4.290448,-0.000366,-0.008662,0.990518
2026-08-29T21:30:22.045129,4.290602,0.013054,-0.002806,0.989908
2026-08-29T21:30:22.073258,4.318731,0.025132,-0.000732,0.989908
2026-08-29T21:30:22.104819,4.350292,0.024034,-0.001464,0.990884
2026-08-29T21:30:22.134468,4.379941,0.013420,-0.005734,0.990396
2026-08-29T21:30:22.134760,4.380233,-0.000244,-0.010980,0.992470
2026-08-29T21:30:22.162875,4.408348,-0.010126,-0.011712,0.991006
2026-08-29T21:30:22.194677,4.440150,-0.006710,-0.010492,0.991738
2026-08-29T21:30:22.194770,4.440243,0.003904,-0.006954,0.989908
2026-08-29T21:30:22.223803,4.469276,0.017324,-0.004026,0.989908
2026-08-29T21:30:22.223852,4.469325,0.024034,-0.004758,0.989908
2026-08-29T21:30:22.252440,4.497913,0.016470,-0.008662,0.989420
2026-08-29T21:30:22.283618,4.529091,0.004392,-0.012322,0.992348
2026-08-29T21:30:22.313414,4.558887,-0.007198,-0.010614,0.991494
2026-08-29T21:30:22.313467,4.558940,-0.007198,-0.008540,0.991128
2026-08-29T21:30:22.342854,4.588327,0.001464,-0.004880,0.990884
2026-08-29T21:30:22.374824,4.620297,0.018300,-0.001830,0.989908
2026-08-29T21:30:22.374999,4.620472,0.022448,-0.002074,0.989908
2026-08-29T21:30:22.404263,4.649736,0.018300,-0.009028,0.990030
2026-08-29T21:30:22.404423,4.649896,0.006588,-0.013054,0.991494
2026-08-29T21:30:22.433545,4.679018,-0.003416,-0.014518,0.991372
2026-08-29T21:30:22.464497,4.709970,-0.006710,-0.011834,0.990884
2026-08-29T21:30:22.464625,4.710098,-0.000366,-0.005124,0.991616
2026-08-29T21:30:22.493087,4.738560,0.009760,0.000244,0.990152
2026-08-29T21:30:22.523375,4.768848,0.021838,-0.000244,0.990274
2026-08-29T21:30:22.555173,4.800646,0.020740,-0.002928,0.991006
2026-08-29T21:30:22.555415,4.800888,0.009150,-0.012322,0.991006
2026-08-29T21:30:22.583605,4.829078,-0.000488,-0.015616,0.991982
2026-08-29T21:30:22.613964,4.859437,-0.005246,-0.015128,0.990518
2026-08-29T21:30:22.644334,4.889807,0.002806,-0.006466,0.991128
2026-08-29T21:30:22.675225,4.920698,0.012444,-0.001464,0.990152
2026-08-29T21:30:22.675578,4.921051,0.020252,-0.000244,0.989908
2026-08-29T21:30:22.704012,4.949485,0.018178,-0.001952,0.990518
2026-08-29T21:30:22.705454,4.950927,0.010004,-0.006832,0.991860
2026-08-29T21:30:22.735787,4.981260,0.001708,-0.012932,0.991128
2026-08-29T21:30:22.764002,5.009475,-0.004148,-0.011834,0.990884
2026-08-29T21:30:22.764080,5.009553,0.001952,-0.009272,0.991006
2026-08-29T21:30:22.793033,5.038506,0.009882,-0.005246,0.990030
2026-08-29T21:30:22.824182,5.069655,0.018300,-0.003538,0.989908
2026-08-29T21:30:22.825151,5.070624,0.019154,-0.004636,0.990518
2026-08-29T21:30:22.854688,5.100161,0.012444,-0.008296,0.990030
2026-08-29T21:30:22.883252,5.128725,0.004026,-0.010980,0.991250
2026-08-29T21:30:22.914694,5.160167,-0.002562,-0.009638,0.991982
2026-08-29T21:30:22.914839,5.160312,0.000976,-0.006344,0.991372
2026-08-29T21:30:22.944246,5.189719,0.008418,-0.002562,0.990396
2026-08-29T21:30:22.950913,5.196386,0.015860,-0.001830,0.989908
2026-08-29T21:30:22.973779,5.219252,0.018300,-0.004270,0.989786
2026-08-29T21:30:23.003675,5.249148,0.013542,-0.010004,0.990762
2026-08-29T21:30:23.034313,5.279786,0.005734,-0.013176,0.991128
2026-08-29T21:30:23.034430,5.279903,-0.000366,-0.014274,0.991372
2026-08-29T21:30:23.064971,5.310444,0.000366,-0.008906,0.991494
2026-08-29T21:30:23.094405,5.339878,0.006832,-0.003782,0.991250
2026-08-29T21:30:23.094678,5.340151,0.013542,-0.000610,0.990030
2026-08-29T21:30:23.123787,5.369260,0.017324,-0.001464,0.990884
2026-08-29T21:30:23.123918,5.369391,0.013298,-0.004636,0.990396
2026-08-29T21:30:23.152654,5.398127,0.007686,-0.010370,0.991738
2026-08-29T21:30:23.184994,5.430467,0.000976,-0.014152,0.991128
2026-08-29T21:30:23.187798,5.433271,-0.000854,-0.013420,0.991006
2026-08-29T21:30:23.215722,5.461195,0.002074,-0.008906,0.990640
2026-08-29T21:30:23.246608,5.492081,0.009028,-0.004026,0.990030
2026-08-29T21:30:23.246865,5.492338,0.015372,-0.002074,0.990152
2026-08-29T21:30:23.273407,5.518880,0.014274,-0.004392,0.990030
2026-08-29T21:30:23.305697,5.551170,0.008296,-0.008174,0.990640
2026-08-29T21:30:23.334933,5.580406,0.002196,-0.011102,0.992470
2026-08-29T21:30:23.335173,5.580646,-0.001464,-0.012810,0.991250
2026-08-29T21:30:23.363196,5.608669,0.001952,-0.009760,0.991006
2026-08-29T21:30:23.396905,5.642378,0.008662,-0.005368,0.991494
2026-08-29T21:30:23.397400,5.642873,0.013908,-0.004270,0.988444
2026-08-29T21:30:23.423391,5.668864,0.015128,-0.004026,0.990030
2026-08-29T21:30:23.454991,5.700464,0.008784,-0.008052,0.991250
2026-08-29T21:30:23.455251,5.700724,0.003660,-0.011956,0.990518
2026-08-29T21:30:23.483578,5.729051,0.000244,-0.010736,0.990030
2026-08-29T21:30:23.547762,5.793235,0.002684,-0.007808,0.991494
2026-08-29T21:30:23.548038,5.793511,0.006466,-0.005734,0.988322
2026-08-29T21:30:23.548097,5.793570,0.011956,-0.004026,0.991372
2026-08-29T21:30:23.574181,5.819654,0.014884,-0.004392,0.990030
2026-08-29T21:30:23.574394,5.819867,0.012688,-0.006710,0.991372
2026-08-29T21:30:23.603136,5.848609,0.004392,-0.011712,0.992104
2026-08-29T21:30:23.634553,5.880026,0.000976,-0.011468,0.991250
2026-08-29T21:30:23.634686,5.880159,0.002806,-0.009760,0.990396
2026-08-29T21:30:23.663395,5.908868,0.006466,-0.005002,0.991128
2026-08-29T21:30:23.695850,5.941323,0.011224,-0.001586,0.989420
2026-08-29T21:30:23.696053,5.941526,0.013420,-0.003050,0.989786
2026-08-29T21:30:23.723287,5.968760,0.012322,-0.004636,0.990152
2026-08-29T21:30:23.753233,5.998706,0.005246,-0.010980,0.991128
2026-08-29T21:30:23.785342,6.030815,0.002318,-0.013298,0.991128
2026-08-29T21:30:23.785581,6.031054,0.002806,-0.012322,0.991372
2026-08-29T21:30:23.814004,6.059477,0.005978,-0.008784,0.991372
2026-08-29T21:30:23.815543,6.061016,0.010614,-0.004026,0.989664
2026-08-29T21:30:23.845787,6.091260,0.013176,-0.002684,0.989786
2026-08-29T21:30:23.875404,6.120877,0.011834,-0.003660,0.990274
2026-08-29T21:30:23.875660,6.121133,0.008418,-0.006588,0.991738
2026-08-29T21:30:23.904086,6.149559,0.002928,-0.010370,0.991494
2026-08-29T21:30:23.934885,6.180358,0.002684,-0.010004,0.990884
2026-08-29T21:30:23.935030,6.180503,0.006100,-0.007930,0.990396
2026-08-29T21:30:23.963490,6.208963,0.009638,-0.005612,0.990152
2026-08-29T21:30:23.997337,6.242810,0.012322,-0.004880,0.990152
2026-08-29T21:30:23.997591,6.243064,0.011224,-0.005002,0.989908
2026-08-29T21:30:24.023845,6.269318,0.008540,-0.007564,0.990518
2026-08-29T21:30:24.054840,6.300313,0.004514,-0.009638,0.992226
2026-08-29T21:30:24.055093,6.300566,0.002562,-0.009882,0.991494
2026-08-29T21:30:24.083459,6.328932,0.005856,-0.007564,0.991372
2026-08-29T21:30:24.113926,6.359399,0.009150,-0.004636,0.990396
2026-08-29T21:30:24.146400,6.391873,0.011590,-0.003782,0.990640
2026-08-29T21:30:24.146586,6.392059,0.012322,-0.005002,0.990518
2026-08-29T21:30:24.175684,6.421157,0.009028,-0.007564,0.989908
2026-08-29T21:30:24.204280,6.449753,0.003782,-0.011346,0.991250
2026-08-29T21:30:24.234155,6.479628,0.003294,-0.011224,0.991128
2026-08-29T21:30:24.234310,6.479783,0.005856,-0.008418,0.991128
2026-08-29T21:30:24.264021,6.509494,0.009272,-0.004026,0.990518
2026-08-29T21:30:24.264158,6.509631,0.011834,-0.003538,0.989786
2026-08-29T21:30:24.294321,6.539794,0.010492,-0.004880,0.990396
2026-08-29T21:30:24.324934,6.570407,0.007930,-0.007686,0.991128
2026-08-29T21:30:24.325141,6.570614,0.004636,-0.009882,0.991128
2026-08-29T21:30:24.353462,6.598935,0.004148,-0.010858,0.990884
2026-08-29T21:30:24.384859,6.630332,0.005856,-0.009028,0.990640
2026-08-29T21:30:24.385021,6.630494,0.008906,-0.006832,0.989786
2026-08-29T21:30:24.415797,6.661270,0.011468,-0.004392,0.989664
2026-08-29T21:30:24.445443,6.690916,0.011102,-0.003538,0.989908
2026-08-29T21:30:24.474977,6.720450,0.007076,-0.007198,0.990640
2026-08-29T21:30:24.475261,6.720734,0.004514,-0.009882,0.991006
2026-08-29T21:30:24.503597,6.749070,0.004026,-0.010370,0.991494
2026-08-29T21:30:24.534769,6.780242,0.005490,-0.009638,0.990884
2026-08-29T21:30:24.535591,6.781064,0.008906,-0.007320,0.990274
2026-08-29T21:30:24.565901,6.811374,0.011712,-0.005246,0.990396
2026-08-29T21:30:24.596200,6.841673,0.010858,-0.004880,0.989786
2026-08-29T21:30:24.596449,6.841922,0.007564,-0.007076,0.990640
2026-08-29T21:30:24.623790,6.869263,0.005002,-0.008662,0.991616
2026-08-29T21:30:24.654620,6.900093,0.004148,-0.008906,0.991006
2026-08-29T21:30:24.655435,6.900908,0.005734,-0.007808,0.991372
2026-08-29T21:30:24.686056,6.931529,0.009882,-0.005734,0.991006
2026-08-29T21:30:24.717029,6.962502,0.011468,-0.005124,0.991006
2026-08-29T21:30:24.717223,6.962696,0.010126,-0.005978,0.990396
2026-08-29T21:30:24.749757,6.995230,0.007442,-0.008296,0.991006
2026-08-29T21:30:24.774443,7.019916,0.005124,-0.009882,0.990884
2026-08-29T21:30:24.804855,7.050328,0.004270,-0.010004,0.991006
2026-08-29T21:30:24.805072,7.050545,0.006100,-0.007564,0.991128
2026-08-29T21:30:24.833832,7.079305,0.009150,-0.005124,0.990274
2026-08-29T21:30:24.864867,7.110340,0.011224,-0.004026,0.989908
2026-08-29T21:30:24.865006,7.110479,0.010126,-0.004148,0.989664
2026-08-29T21:30:24.893330,7.138803,0.007320,-0.006466,0.990030
2026-08-29T21:30:24.924955,7.170428,0.005612,-0.009272,0.991250
2026-08-29T21:30:24.925153,7.170626,0.004392,-0.010858,0.991006
2026-08-29T21:30:24.953462,7.198935,0.005246,-0.010492,0.991372
2026-08-29T21:30:24.983511,7.228984,0.008906,-0.007564,0.990152
2026-08-29T21:30:25.014774,7.260247,0.010858,-0.005368,0.989664
2026-08-29T21:30:25.014974,7.260447,0.009760,-0.005612,0.990152
2026-08-29T21:30:25.046722,7.292195,0.007198,-0.006466,0.990640
2026-08-29T21:30:25.046922,7.292395,0.005856,-0.007686,0.990762
2026-08-29T21:30:25.075621,7.321094,0.004148,-0.008784,0.991006
2026-08-29T21:30:25.104465,7.349938,0.005856,-0.009028,0.991006
2026-08-29T21:30:25.104671,7.350144,0.008784,-0.007442,0.990762
2026-08-29T21:30:25.132937,7.378410,0.010126,-0.006222,0.990884
2026-08-29T21:30:25.163299,7.408772,0.010736,-0.005612,0.990030
2026-08-29T21:30:25.163369,7.408842,0.009028,-0.005978,0.989664
2026-08-29T21:30:25.195282,7.440755,0.005612,-0.008540,0.991006
2026-08-29T21:30:25.223331,7.468804,0.003782,-0.008906,0.991128
2026-08-29T21:30:25.254878,7.500351,0.005124,-0.008784,0.990762
2026-08-29T21:30:25.255040,7.500513,0.007808,-0.006832,0.990640
2026-08-29T21:30:25.283354,7.528827,0.009882,-0.005124,0.990640
2026-08-29T21:30:25.316656,7.562129,0.010248,-0.005368,0.989420
2026-08-29T21:30:25.316842,7.562315,-0.011102,0.001830,0.978440
2026-08-29T21:30:25.345692,7.591165,-0.154330,-0.042212,1.100196
2026-08-29T21:30:25.376841,7.622314,0.157746,-0.063318,0.813618
2026-08-29T21:30:25.376983,7.622456,0.021472,0.055754,1.071770
2026-08-29T21:30:25.404423,7.649896,0.087962,0.030622,0.943670
2026-08-29T21:30:25.434295,7.679768,0.084058,-0.015250,0.938790
2026-08-29T21:30:25.434433,7.679906,-0.031720,-0.011102,1.022848
2026-08-29T21:30:25.462995,7.708468,-0.065880,-0.016470,0.989176
2026-08-29T21:30:25.495220,7.740693,-0.076006,-0.013908,0.999180
2026-08-29T21:30:25.495452,7.740925,-0.016958,-0.027084,0.974292
2026-08-29T21:30:25.523298,7.768771,0.034648,-0.014518,1.023336
2026-08-29T21:30:25.554654,7.800127,0.058804,0.007076,0.960628
2026-08-29T21:30:25.554866,7.800339,0.068564,0.009638,1.007964
2026-08-29T21:30:25.583456,7.828929,0.051972,-0.009760,0.985028
2026-08-29T21:30:25.614317,7.859790,-0.012444,-0.011590,0.994910
2026-08-29T21:30:25.614448,7.859921,-0.057584,-0.022082,0.994178
2026-08-29T21:30:25.643389,7.888862,-0.028914,-0.022082,0.986004
2026-08-29T21:30:25.674769,7.920242,0.017690,-0.004636,0.991006
2026-08-29T21:30:25.674955,7.920428,0.050874,0.005734,0.993934
2026-08-29T21:30:25.703421,7.948894,0.067588,0.010370,0.981612
2026-08-29T21:30:25.733732,7.979205,0.052338,-0.002196,0.995886
2026-08-29T21:30:25.764130,8.009603,0.007198,-0.002562,0.989664
2026-08-29T21:30:25.765363,8.010836,-0.039772,-0.016592,0.994666
2026-08-29T21:30:25.795799,8.041272,-0.040138,-0.023058,0.994910
2026-08-29T21:30:25.824914,8.070387,-0.016348,-0.016104,0.985882
2026-08-29T21:30:25.825135,8.070608,0.027816,-0.005002,0.995398
2026-08-29T21:30:25.853419,8.098892,0.057096,-0.000610,0.983686
2026-08-29T21:30:25.884178,8.129651,0.066246,0.000000,0.989786
2026-08-29T21:30:25.885228,8.130701,0.010858,-0.002440,0.990030
2026-08-29T21:30:25.913666,8.159139,-0.025132,-0.014274,0.991006
2026-08-29T21:30:25.946865,8.192338,-0.037820,-0.020008,0.993690
2026-08-29T21:30:25.946974,8.192447,-0.025864,-0.010492,0.991494
2026-08-29T21:30:25.973253,8.218726,0.007564,-0.001952,0.993690
2026-08-29T21:30:26.003956,8.249429,0.040382,0.000610,0.988566
2026-08-29T21:30:26.004531,8.250004,0.053802,0.000976,0.990274
2026-08-29T21:30:26.033711,8.279184,0.039528,0.000976,0.987712
2026-08-29T21:30:26.064019,8.309492,-0.004758,-0.016104,0.991372
2026-08-29T21:30:26.095539,8.341012,-0.026352,-0.022570,0.993202
2026-08-29T21:30:26.095772,8.341245,-0.026596,-0.016958,0.988810
2026-08-29T21:30:26.122957,8.368430,-0.002318,-0.009638,0.993568
2026-08-29T21:30:26.154666,8.400139,0.029280,0.000854,0.987834
2026-08-29T21:30:26.154815,8.400288,0.046360,0.004392,0.990640
2026-08-29T21:30:26.183139,8.428612,0.028060,-0.001464,0.989298
2026-08-29T21:30:26.214611,8.460084,0.003416,-0.011346,0.991982
2026-08-29T21:30:26.214819,8.460292,-0.019642,-0.014884,0.991128
2026-08-29T21:30:26.244224,8.489697,-0.022204,-0.013298,0.991982
2026-08-29T21:30:26.274977,8.520450,-0.004880,-0.010004,0.990152
2026-08-29T21:30:26.275146,8.520619,0.018910,-0.005002,0.990884
2026-08-29T21:30:26.303221,8.548694,0.041602,-0.000244,0.989664
2026-08-29T21:30:26.334275,8.579748,0.032086,-0.003294,0.988932
2026-08-29T21:30:26.334445,8.579918,0.014030,-0.010980,0.992104
2026-08-29T21:30:26.363264,8.608737,-0.011590,-0.011224,0.990884
2026-08-29T21:30:26.394395,8.639868,-0.020618,-0.013054,0.993812
2026-08-29T21:30:26.394722,8.640195,-0.009150,-0.012444,0.991250
2026-08-29T21:30:26.423455,8.668928,0.008906,-0.005246,0.989298
2026-08-29T21:30:26.454127,8.699600,0.037088,-0.002562,0.989054
2026-08-29T21:30:26.485117,8.730590,0.033550,-0.004758,0.989420
2026-08-29T21:30:26.485311,8.730784,0.017934,-0.008906,0.990518
2026-08-29T21:30:26.513418,8.758891,-0.002562,-0.011102,0.990640
2026-08-29T21:30:26.514585,8.760058,-0.015738,-0.010736,0.991128
2026-08-29T21:30:26.543979,8.789452,-0.010004,-0.008296,0.991250
2026-08-29T21:30:26.574655,8.820128,0.004392,-0.001708,0.990274
2026-08-29T21:30:26.574812,8.820285,0.023546,-0.000854,0.990396
2026-08-29T21:30:26.603755,8.849228,0.033184,-0.005368,0.989420
2026-08-29T21:30:26.633786,8.879259,0.021350,-0.011712,0.991250
2026-08-29T21:30:26.665207,8.910680,0.003172,-0.016958,0.991006
2026-08-29T21:30:26.665401,8.910874,-0.011224,-0.017446,0.991250
2026-08-29T21:30:26.694540,8.940013,-0.009882,-0.012566,0.991738
2026-08-29T21:30:26.724284,8.969757,0.001830,0.000000,0.990274
2026-08-29T21:30:26.724446,8.969919,0.025254,0.002928,0.990518
2026-08-29T21:30:26.753415,8.998888,0.031598,0.000976,0.989542
2026-08-29T21:30:26.784715,9.030188,0.021838,-0.003660,0.989542
2026-08-29T21:30:26.784857,9.030330,0.000854,-0.014396,0.991616
2026-08-29T21:30:26.813416,9.058889,-0.010614,-0.015860,0.991372
2026-08-29T21:30:26.844258,9.089731,-0.006588,-0.014030,0.991616
2026-08-29T21:30:26.874198,9.119671,0.006222,-0.008296,0.990030
2026-08-29T21:30:26.874376,9.119849,0.020374,-0.003904,0.990152
2026-08-29T21:30:26.904086,9.149559,0.029646,-0.002806,0.989054
2026-08-29T21:30:26.934381,9.179854,0.017690,-0.006344,0.989420
2026-08-29T21:30:26.934561,9.180034,0.004758,-0.011346,0.991982
2026-08-29T21:30:26.962968,9.208441,-0.006588,-0.011346,0.991494
2026-08-29T21:30:26.994164,9.239637,-0.007076,-0.008906,0.991494
2026-08-29T21:30:27.024392,9.269865,0.009516,-0.002318,0.989542
2026-08-29T21:30:27.024574,9.270047,0.016104,-0.001220,0.989298
2026-08-29T21:30:27.056385,9.301858,0.026718,-0.003660,0.989908
2026-08-29T21:30:27.056542,9.302015,0.020984,-0.008052,0.989176
2026-08-29T21:30:27.086023,9.331496,0.009272,-0.014152,0.991982
2026-08-29T21:30:27.115866,9.361339,-0.003050,-0.015250,0.990884
2026-08-29T21:30:27.144500,9.389973,-0.004026,-0.010370,0.991982
2026-08-29T21:30:27.144747,9.390220,0.005856,-0.004026,0.990396
2026-08-29T21:30:27.173292,9.418765,0.017812,-0.000122,0.989908
2026-08-29T21:30:27.204599,9.450072,0.026962,-0.000244,0.989786
2026-08-29T21:30:27.204951,9.450424,0.021838,-0.004148,0.990030
2026-08-29T21:30:27.233581,9.479054,0.011712,-0.010248,0.990762
2026-08-29T21:30:27.264303,9.509776,-0.004026,-0.015006,0.990640
2026-08-29T21:30:27.264691,9.510164,-0.005978,-0.014030,0.991250
2026-08-29T21:30:27.293558,9.539031,0.003782,-0.006344,0.990518
2026-08-29T21:30:27.324882,9.570355,0.014884,-0.001342,0.989908
2026-08-29T21:30:27.325037,9.570510,0.023912,-0.000976,0.989054
2026-08-29T21:30:27.353323,9.598796,0.022570,-0.003782,0.989908
2026-08-29T21:30:27.384843,9.630316,0.013542,-0.010126,0.990518
2026-08-29T21:30:27.413353,9.658826,0.003416,-0.014152,0.991372
2026-08-29T21:30:27.413438,9.658911,-0.002562,-0.014518,0.991128
2026-08-29T21:30:27.442348,9.687821,0.003416,-0.008296,0.991738
2026-08-29T21:30:27.473956,9.719429,0.012078,-0.002562,0.988688
2026-08-29T21:30:27.474017,9.719490,0.021716,-0.001098,0.989542
2026-08-29T21:30:27.502687,9.748160,0.021960,-0.001952,0.990274
2026-08-29T21:30:27.533660,9.779133,0.015860,-0.005856,0.991128
2026-08-29T21:30:27.533696,9.779169,0.006710,-0.012566,0.991982
2026-08-29T21:30:27.562533,9.808006,-0.002440,-0.011956,0.991372
2026-08-29T21:30:27.593900,9.839373,0.001708,-0.009638,0.990762
2026-08-29T21:30:27.593945,9.839418,0.010248,-0.005490,0.989786
2026-08-29T21:30:27.623290,9.868763,0.018788,-0.004026,0.990030
2026-08-29T21:30:27.654214,9.899687,0.022082,-0.004270,0.989908
2026-08-29T21:30:27.684542,9.930015,0.013664,-0.009394,0.991494
2026-08-29T21:30:27.684710,9.930183,0.005002,-0.012322,0.991250
2026-08-29T21:30:27.712936,9.958409,-0.001098,-0.011102,0.990884
2026-08-29T21:30:27.745707,9.991180,0.000732,-0.007198,0.991616
2026-08-29T21:30:27.745922,9.991395,0.008174,-0.002806,0.989542
2026-08-29T21:30:27.775109,10.020582,0.015982,-0.000366,0.989664
2026-08-29T21:30:27.775250,10.020723,0.020252,-0.001342,0.989786
2026-08-29T21:30:27.803275,10.048748,0.017568,-0.005978,0.990518
2026-08-29T21:30:27.835149,10.080622,0.006832,-0.013908,0.991128
2026-08-29T21:30:27.864572,10.110045,0.000732,-0.015006,0.991250
2026-08-29T21:30:27.865330,10.110803,0.001830,-0.012322,0.990274
2026-08-29T21:30:27.894303,10.139776,0.006588,-0.007198,0.991006
2026-08-29T21:30:27.924318,10.169791,0.014396,-0.002074,0.989054
2026-08-29T21:30:27.924497,10.169970,0.019032,-0.000610,0.990030
2026-08-29T21:30:27.953050,10.198523,0.015128,-0.004636,0.990152
2026-08-29T21:30:27.984045,10.229518,0.011712,-0.007198,0.991494
2026-08-29T21:30:27.984933,10.230406,0.002440,-0.011956,0.991860
2026-08-29T21:30:28.013831,10.259304,0.001952,-0.011834,0.991128
2026-08-29T21:30:28.045235,10.290708,0.005734,-0.008174,0.990762
2026-08-29T21:30:28.045408,10.290881,0.013176,-0.004880,0.990030
2026-08-29T21:30:28.073337,10.318810,0.018300,-0.002928,0.990152
2026-08-29T21:30:28.104713,10.350186,0.016836,-0.006466,0.990640
2026-08-29T21:30:28.105435,10.350908,0.012932,-0.008296,0.990762
2026-08-29T21:30:28.136071,10.381544,0.002928,-0.011956,0.991616
2026-08-29T21:30:28.164751,10.410224,0.001830,-0.010736,0.990884
2026-08-29T21:30:28.164918,10.410391,0.005368,-0.008174,0.990396
2026-08-29T21:30:28.193040,10.438513,0.010736,-0.004148,0.990396
2026-08-29T21:30:28.224316,10.469789,0.015738,-0.002318,0.989908
2026-08-29T21:30:28.225376,10.470849,0.017080,-0.003294,0.989298
2026-08-29T21:30:28.255855,10.501328,0.013542,-0.007564,0.990518
2026-08-29T21:30:28.285062,10.530535,0.004880,-0.012932,0.991494
2026-08-29T21:30:28.313954,10.559427,0.002684,-0.011712,0.991128
2026-08-29T21:30:28.314828,10.560301,0.005612,-0.007198,0.991738
2026-08-29T21:30:28.345621,10.591094,0.010370,-0.003660,0.989420
2026-08-29T21:30:28.376975,10.622448,0.014640,-0.002318,0.990030
2026-08-29T21:30:28.377340,10.622813,0.015616,-0.004636,0.990274
2026-08-29T21:30:28.405899,10.651372,0.012932,-0.008784,0.990030
2026-08-29T21:30:28.435253,10.680726,0.008418,-0.012688,0.991616
2026-08-29T21:30:28.435585,10.681058,0.005002,-0.012810,0.991128
2026-08-29T21:30:28.463491,10.708964,0.006100,-0.009150,0.990884
2026-08-29T21:30:28.495181,10.740654,0.009882,-0.004026,0.990152
2026-08-29T21:30:28.495415,10.740888,0.013664,-0.001708,0.990762
2026-08-29T21:30:28.523339,10.768812,0.015494,-0.002684,0.989786
2026-08-29T21:30:28.555169,10.800642,0.012688,-0.005612,0.991372
2026-08-29T21:30:28.555458,10.800931,0.006710,-0.010980,0.990884
2026-08-29T21:30:28.583646,10.829119,0.004514,-0.012688,0.991738
2026-08-29T21:30:28.614391,10.859864,0.006466,-0.011956,0.991006
2026-08-29T21:30:28.675774,10.921247,0.012688,-0.006466,0.989786
2026-08-29T21:30:28.676041,10.921514,0.014762,-0.004270,0.988932
2026-08-29T21:30:28.676186,10.921659,0.014274,-0.004636,0.990518
2026-08-29T21:30:28.704301,10.949774,0.009882,-0.007686,0.990518
2026-08-29T21:30:28.704494,10.949967,-0.008784,-0.203130,0.965020
2026-08-29T21:30:28.733040,10.978513,-0.030744,-0.072712,1.007598
2026-08-29T21:30:28.764209,11.009682,0.040138,0.001464,0.952698
2026-08-29T21:30:28.794256,11.039729,0.015738,0.049532,1.024068
2026-08-29T21:30:28.794322,11.039795,0.038918,0.133712,0.965508
2026-08-29T21:30:28.822827,11.068300,0.004148,0.120658,0.996740
2026-08-29T21:30:28.853932,11.099405,0.011346,0.017080,0.992836
2026-08-29T21:30:28.854657,11.100130,-0.017324,0.016226,0.984052
2026-08-29T21:30:28.883486,11.128959,-0.007442,-0.066978,0.995764
2026-08-29T21:30:28.914628,11.160101,0.029768,-0.133956,0.987346
2026-08-29T21:30:28.914944,11.160417,0.021716,-0.104554,0.983686
2026-08-29T21:30:28.942774,11.188247,0.018056,-0.074420,0.994178
2026-08-29T21:30:28.973728,11.219201,0.013420,-0.070272,0.993812
2026-08-29T21:30:28.979200,11.224673,-0.007320,-0.009028,0.992104
2026-08-29T21:30:29.004276,11.249749,-0.010370,0.037820,0.993568
2026-08-29T21:30:29.004550,11.250023,-0.005124,0.058682,0.989908
2026-08-29T21:30:29.032711,11.278184,0.016958,0.050020,0.991006
2026-08-29T21:30:29.065972,11.311445,0.027938,0.051606,0.987956
2026-08-29T21:30:29.096624,11.342097,0.029646,0.010858,0.987468
2026-08-29T21:30:29.096801,11.342274,0.028914,-0.032330,0.993568
2026-08-29T21:30:29.126487,11.371960,0.010248,-0.051484,0.985882
2026-08-29T21:30:29.155164,11.400637,-0.001708,-0.058926,0.994056
2026-08-29T21:30:29.155321,11.400794,-0.007198,-0.044896,0.992958
2026-08-29T21:30:29.183762,11.429235,-0.001342,-0.015128,0.991616
2026-08-29T21:30:29.214402,11.459875,0.007198,0.018666,0.991616
2026-08-29T21:30:29.244686,11.490159,0.019642,0.035258,0.991372
2026-08-29T21:30:29.244820,11.490293,0.026352,0.034404,0.989664
2026-08-29T21:30:29.273240,11.518713,0.017446,0.022204,0.990640
2026-08-29T21:30:29.305111,11.550584,0.003050,-0.021716,0.988688
2026-08-29T21:30:29.305299,11.550772,0.000366,-0.035624,0.990518
2026-08-29T21:30:29.336792,11.582265,0.000488,-0.053192,0.991250
2026-08-29T21:30:29.337072,11.582545,0.011834,-0.044896,0.991616
2026-08-29T21:30:29.366240,11.611713,0.016836,-0.020252,0.990030
2026-08-29T21:30:29.395472,11.640945,0.019520,0.004392,0.990396
2026-08-29T21:30:29.395545,11.641018,0.018056,0.025986,0.992958
2026-08-29T21:30:29.422749,11.668222,0.008418,0.038918,0.989908
2026-08-29T21:30:29.453799,11.699272,0.003172,0.025010,0.993568
2026-08-29T21:30:29.483301,11.728774,-0.000732,0.005978,0.992226
2026-08-29T21:30:29.483341,11.728814,0.007320,-0.017446,0.989664
2026-08-29T21:30:29.514423,11.759896,0.013664,-0.040382,0.989908
2026-08-29T21:30:29.543358,11.788831,0.018666,-0.051728,0.990274
2026-08-29T21:30:29.543407,11.788880,0.020862,-0.051240,0.987956
2026-08-29T21:30:29.573247,11.818720,0.012078,-0.034770,0.990396
2026-08-29T21:30:29.604638,11.850111,0.006588,-0.013054,0.990152
2026-08-29T21:30:29.604791,11.850264,0.003538,0.009760,0.990762
2026-08-29T21:30:29.632858,11.878331,0.003904,0.030622,0.990762
2026-08-29T21:30:29.664507,11.909980,0.007076,0.031476,0.991006
2026-08-29T21:30:29.664639,11.910112,0.013054,0.022692,0.991006
2026-08-29T21:30:29.693711,11.939184,0.016226,0.004514,0.990518
2026-08-29T21:30:29.694814,11.940287,0.015006,-0.017446,0.990640
2026-08-29T21:30:29.725562,11.971035,0.011468,-0.036722,0.990640
2026-08-29T21:30:29.754210,11.999683,0.007808,-0.045140,0.990640
2026-08-29T21:30:29.785071,12.030544,0.007076,-0.033672,0.990518
2026-08-29T21:30:29.814132,12.059605,0.009516,-0.018300,0.990396
2026-08-29T21:30:29.814897,12.060370,0.011834,0.000976,0.990396
2026-08-29T21:30:29.844463,12.089936,0.011712,0.015372,0.992104
2026-08-29T21:30:29.844601,12.090074,0.009516,0.020618,0.991128
2026-08-29T21:30:29.872914,12.118387,0.007198,0.016714,0.991860
2026-08-29T21:30:29.903643,12.149116,0.006954,-0.000244,0.991250
2026-08-29T21:30:29.933397,12.178870,0.007930,-0.013054,0.990640
2026-08-29T21:30:29.933437,12.178910,0.011834,-0.023668,0.989664
2026-08-29T21:30:29.962399,12.207872,0.015494,-0.027572,0.990518
2026-08-29T21:30:29.993638,12.239111,0.015616,-0.023546,0.989786
2026-08-29T21:30:29.993682,12.239155,0.009760,-0.010126,0.990762
2026-08-29T21:30:30.022545,12.268018,0.006832,-0.001586,0.991616
2026-08-29T21:30:30.053975,12.299448,0.004270,0.004758,0.990640
2026-08-29T21:30:30.085140,12.330613,0.003904,0.006100,0.991494
2026-08-29T21:30:30.085309,12.330782,0.007198,0.003050,0.990274
2026-08-29T21:30:30.114755,12.360228,0.013054,-0.003782,0.990152
2026-08-29T21:30:30.114875,12.360348,0.015494,-0.012810,0.989908
2026-08-29T21:30:30.143578,12.389051,0.014640,-0.020252,0.990762
2026-08-29T21:30:30.176275,12.421748,0.013420,-0.020374,0.990640
2026-08-29T21:30:30.176433,12.421906,0.006832,-0.012810,0.990640
2026-08-29T21:30:30.204237,12.449710,0.006222,-0.003050,0.990396
2026-08-29T21:30:30.235097,12.480570,0.006954,0.005124,0.990884
2026-08-29T21:30:30.235266,12.480739,0.010248,0.009394,0.991250
2026-08-29T21:30:30.263410,12.508883,0.011834,0.005978,0.990762
2026-08-29T21:30:30.294808,12.540281,0.010736,-0.003538,0.990274
2026-08-29T21:30:30.294954,12.540427,0.010614,-0.015250,0.990884
2026-08-29T21:30:30.323251,12.568724,0.007808,-0.023058,0.991128
2026-08-29T21:30:30.354551,12.600024,0.007930,-0.025254,0.991006
2026-08-29T21:30:30.384906,12.630379,0.009516,-0.017812,0.989420
2026-08-29T21:30:30.385081,12.630554,0.012688,-0.007320,0.990884
2026-08-29T21:30:30.413480,12.658953,0.013298,0.006100,0.990640
2026-08-29T21:30:30.444340,12.689813,0.011224,0.010126,0.990518
2026-08-29T21:30:30.446386,12.691859,0.006954,0.009150,0.991372
2026-08-29T21:30:30.476273,12.721746,0.005368,0.001464,0.991738
2026-08-29T21:30:30.504334,12.749807,0.005856,-0.006466,0.990762
2026-08-29T21:30:30.534482,12.779955,0.008296,-0.014640,0.990030
2026-08-29T21:30:30.534680,12.780153,0.013298,-0.021594,0.989176
2026-08-29T21:30:30.564046,12.809519,0.014640,-0.023790,0.989542
2026-08-29T21:30:30.565367,12.810840,0.014640,-0.021838,0.990030
2026-08-29T21:30:30.593852,12.839325,0.012810,-0.012444,0.990762
2026-08-29T21:30:30.626390,12.871863,0.006588,-0.003416,0.991616
2026-08-29T21:30:30.626602,12.872075,0.004636,0.004148,0.991616
2026-08-29T21:30:30.653326,12.898799,0.005734,0.008784,0.990518
2026-08-29T21:30:30.685533,12.931006,0.009638,0.009394,0.990274
2026-08-29T21:30:30.715236,12.960709,0.012932,0.003416,0.989664
2026-08-29T21:30:30.715388,12.960861,0.014030,-0.005734,0.989298
2026-08-29T21:30:30.743973,12.989446,0.012932,-0.016348,0.989542
2026-08-29T21:30:30.775757,13.021230,0.009272,-0.024644,0.990518
2026-08-29T21:30:30.775944,13.021417,0.006832,-0.022692,0.991128
2026-08-29T21:30:30.803322,13.048795,0.007076,-0.015128,0.990762
2026-08-29T21:30:30.834130,13.079603,0.009394,-0.005490,0.991738
2026-08-29T21:30:30.864733,13.110206,0.011834,0.002196,0.990640
2026-08-29T21:30:30.864899,13.110372,0.012322,0.004514,0.990640
2026-08-29T21:30:30.893437,13.138910,0.010736,-0.000122,0.990640
2026-08-29T21:30:30.924755,13.170228,0.008784,-0.006954,0.991250
2026-08-29T21:30:30.924934,13.170407,0.007686,-0.012078,0.991250
2026-08-29T21:30:30.954390,13.199863,0.008174,-0.015494,0.990396
2026-08-29T21:30:30.954585,13.200058,0.010858,-0.014640,0.989786
2026-08-29T21:30:30.985067,13.230540,0.012200,-0.010614,0.989908
2026-08-29T21:30:31.015209,13.260682,0.013054,-0.004392,0.990030
2026-08-29T21:30:31.015403,13.260876,0.011346,-0.003172,0.991372
2026-08-29T21:30:31.046083,13.291556,0.008052,-0.003416,0.991006
2026-08-29T21:30:31.076602,13.322075,0.006466,-0.005124,0.992226
2026-08-29T21:30:31.076753,13.322226,0.006832,-0.008662,0.991250
2026-08-29T21:30:31.105770,13.351243,0.008418,-0.010492,0.990518
2026-08-29T21:30:31.135346,13.380819,0.011590,-0.010614,0.990518
2026-08-29T21:30:31.135640,13.381113,0.014030,-0.010614,0.989664
2026-08-29T21:30:31.164194,13.409667,0.013420,-0.008540,0.990274
2026-08-29T21:30:31.194427,13.439900,0.010126,-0.006710,0.990884
2026-08-29T21:30:31.225264,13.470737,0.008296,-0.003904,0.991006
2026-08-29T21:30:31.225420,13.470893,0.005856,-0.002074,0.991006
2026-08-29T21:30:31.254343,13.499816,0.006832,-0.001708,0.990762
2026-08-29T21:30:31.284608,13.530081,0.010614,-0.003660,0.991128
2026-08-29T21:30:31.345305,13.590778,0.012444,-0.008174,0.990030
2026-08-29T21:30:31.347567,13.593040,0.012200,-0.013420,0.990274
2026-08-29T21:30:31.347807,13.593280,0.010614,-0.016836,0.990030
2026-08-29T21:30:31.347867,13.593340,0.009638,-0.015860,0.990884
2026-08-29T21:30:31.375959,13.621432,0.008052,-0.011102,0.990762
2026-08-29T21:30:31.404314,13.649787,0.009516,-0.004026,0.990396
2026-08-29T21:30:31.435195,13.680668,0.009760,0.001464,0.990884
2026-08-29T21:30:31.435982,13.681455,0.011102,0.004270,0.990396
2026-08-29T21:30:31.466019,13.711492,0.011346,0.002562,0.990640
2026-08-29T21:30:31.496994,13.742467,0.010492,-0.002196,0.991250
2026-08-29T21:30:31.497140,13.742613,0.008906,-0.009638,0.990640
2026-08-29T21:30:31.525941,13.771414,0.008052,-0.017446,0.990884
2026-08-29T21:30:31.554591,13.800064,0.009638,-0.018788,0.990640
2026-08-29T21:30:31.555379,13.800852,0.011712,-0.015982,0.989542
2026-08-29T21:30:31.586607,13.832080,0.012688,-0.010614,0.989908
2026-08-29T21:30:31.616183,13.861656,0.011468,-0.004758,0.990274
2026-08-29T21:30:31.646943,13.892416,0.010370,-0.001708,0.991250
2026-08-29T21:30:31.647081,13.892554,0.008052,0.000000,0.991250
2026-08-29T21:30:31.675518,13.920991,0.007564,-0.001586,0.991494
2026-08-29T21:30:31.704748,13.950221,0.008174,-0.004880,0.990030
2026-08-29T21:30:31.704899,13.950372,0.010736,-0.007076,0.990518
2026-08-29T21:30:31.733286,13.978759,0.011956,-0.009760,0.990640
2026-08-29T21:30:31.764966,14.010439,0.012322,-0.011834,0.989542
2026-08-29T21:30:31.765183,14.010656,0.011712,-0.012078,0.990884
2026-08-29T21:30:31.793863,14.039336,0.008784,-0.010492,0.990640
2026-08-29T21:30:31.826462,14.071935,0.007686,-0.008174,0.991372
2026-08-29T21:30:31.826749,14.072222,0.007686,-0.005856,0.991250
2026-08-29T21:30:31.853577,14.099050,0.009272,-0.003660,0.990396
2026-08-29T21:30:31.885105,14.130578,0.010370,-0.002928,0.990884
2026-08-29T21:30:31.885290,14.130763,0.011346,-0.004026,0.990762
2026-08-29T21:30:31.913749,14.159222,0.010980,-0.006100,0.990640
2026-08-29T21:30:31.944038,14.189511,0.009760,-0.010248,0.990518
2026-08-29T21:30:31.944164,14.189637,0.008906,-0.011346,0.990518
2026-08-29T21:30:31.978928,14.224401,0.009516,-0.009272,0.991250
2026-08-29T21:30:32.004222,14.249695,0.009638,-0.007198,0.989664
2026-08-29T21:30:32.035516,14.280989,0.010126,-0.005002,0.991372
2026-08-29T21:30:32.035711,14.281184,0.010004,-0.004148,0.991372
2026-08-29T21:30:32.066143,14.311616,0.010004,-0.006466,0.990152
